beta1,alpha,R0,class,max_re,max_im
0.06,0.05,0.8844882630429531,df_stable,,
0.06,0.2217391304347826,1.1664881347406606,endemic_spiral,-0.0028708599441244296,0.008654454812369804
0.06,0.3934782608695652,1.4484880064383683,endemic_spiral,-0.00344577088928648,0.01362812287699879
0.06,0.5652173913043479,1.730487878136076,endemic_spiral,-0.003979656557958632,0.01679550398701313
0.06,0.7369565217391305,2.0124877498337836,endemic_spiral,-0.004490402278938608,0.019275404851336258
0.06,0.9086956521739131,2.2944876215314913,endemic_spiral,-0.004986887820244741,0.021376667049854293
0.06,1.0804347826086957,2.576487493229199,endemic_spiral,-0.005473820944581154,0.02323119122574977
0.06,1.2521739130434784,2.8584873649269067,endemic_spiral,-0.005953894866805524,0.024908367675363724
0.06,1.423913043478261,3.1404872366246144,endemic_spiral,-0.006428752087016781,0.026449699247677583
0.06,1.5956521739130436,3.422487108322322,endemic_spiral,-0.0068994479133297655,0.02788228019100773
0.06,1.7673913043478262,3.7044869800200297,endemic_spiral,-0.007366689773257381,0.02922495597000793
0.06,1.9391304347826088,3.9864868517177374,endemic_spiral,-0.007830968674870088,0.030491476414329654
0.06,2.110869565217391,4.268486723415444,endemic_spiral,-0.008292635670104905,0.031692253511630956
0.06,2.282608695652174,4.550486595113152,endemic_spiral,-0.008751947864856394,0.03283540878924794
0.06,2.4543478260869565,4.83248646681086,endemic_spiral,-0.009209097571082143,0.033927431667007305
0.06,2.626086956521739,5.114486338508566,endemic_spiral,-0.009664231331212417,0.03497361190665139
0.06,2.7978260869565217,5.396486210206275,endemic_spiral,-0.010117462540665796,0.03597833419123762
0.06,2.9695652173913043,5.678486081903983,endemic_spiral,-0.010568879882010503,0.036945285127760366
0.06,3.141304347826087,5.960485953601689,endemic_spiral,-0.011018553967725025,0.037877602630999464
0.06,3.3130434782608695,6.242485825299398,endemic_spiral,-0.01146654123095039,0.03877798619437168
0.06,3.484782608695652,6.524485696997106,endemic_spiral,-0.011912887224851225,0.039648779939419204
0.06,3.6565217391304348,6.8064855686948125,endemic_spiral,-0.012357629277115397,0.040492036322462524
0.06,3.8282608695652174,7.08848544039252,endemic_spiral,-0.012800797879010598,0.041309565608343056
0.06,4.0,7.370485312090228,endemic_spiral,-0.013242418129863705,0.04210297506159887
0.08,0.05,0.9830097372056965,df_stable,,
0.08,0.2217391304347826,1.2650096089034042,endemic_spiral,-0.003082674172138594,0.01107622851413409
0.08,0.3934782608695652,1.5470094806011119,endemic_spiral,-0.0036473643001783823,0.015141609179667821
0.08,0.5652173913043479,1.8290093522988196,endemic_spiral,-0.004176581929272571,0.01799169753425758
0.08,0.7369565217391305,2.1110092239965272,endemic_spiral,-0.0046849501129672235,0.0202985971267241
0.08,0.9086956521739131,2.393009095694235,endemic_spiral,-0.005180090902967309,0.022286523711172297
0.08,1.0804347826086957,2.6750089673919426,endemic_spiral,-0.00566618474867567,0.02405891849526575
0.08,1.2521739130434784,2.95700883908965,endemic_spiral,-0.00614568196134415,0.02567270259624646
0.08,1.423913043478261,3.2390087107873575,endemic_spiral,-0.006620104366930262,0.027162963092722276
0.08,1.5956521739130436,3.521008582485065,endemic_spiral,-0.007090443514572634,0.028553112145408156
0.08,1.7673913043478262,3.803008454182773,endemic_spiral,-0.007557371578180562,0.029859707862068083
0.08,1.9391304347826088,4.08500832588048,endemic_spiral,-0.008021359392219912,0.031094991483299333
0.08,2.110869565217391,4.367008197578188,endemic_spiral,-0.00848274618849354,0.03226833237917126
0.08,2.282608695652174,4.6490080692758955,endemic_spiral,-0.008941781930749062,0.033387103964132095
0.08,2.4543478260869565,4.931007940973603,endemic_spiral,-0.009398654779839671,0.03445724221245558
0.08,2.626086956521739,5.21300781267131,endemic_spiral,-0.009853508607671634,0.03548361685621545
0.08,2.7978260869565217,5.4950076843690185,endemic_spiral,-0.010306455326892712,0.03647028686981179
0.08,2.9695652173913043,5.777007556066726,endemic_spiral,-0.01075758288071826,0.03742068167027926
0.08,3.141304347826087,6.059007427764433,endemic_spiral,-0.011206961299068816,0.03833773275799129
0.08,3.3130434782608695,6.341007299462142,endemic_spiral,-0.011654646963921357,0.039223971733080495
0.08,3.484782608695652,6.623007171159849,endemic_spiral,-0.012100685360354337,0.04008160440230463
0.08,3.6565217391304348,6.905007042857556,endemic_spiral,-0.01254511390950558,0.040912568090047695
0.08,3.8282608695652174,7.187006914555264,endemic_spiral,-0.012987963186864047,0.041718576300554686
0.08,4.0,7.469006786252971,endemic_spiral,-0.013429258533288326,0.04250115422603825
0.1,0.05,1.08153121136844,endemic_spiral,-0.0026829539175162167,0.006492113077171226
0.1,0.2217391304347826,1.3635310830661476,endemic_spiral,-0.003290314916273296,0.013050384695842637
0.1,0.3934782608695652,1.6455309547638552,endemic_spiral,-0.003847300294687942,0.016525686661667913
0.1,0.5652173913043479,1.927530826461563,endemic_spiral,-0.004372768670062066,0.01912230880229971
0.1,0.7369565217391305,2.209530698159271,endemic_spiral,-0.004879143227699331,0.021280442940208116
0.1,0.9086956521739131,2.491530569856978,endemic_spiral,-0.0053731167954107935,0.023167113554659415
0.1,1.0804347826086957,2.7735304415546858,endemic_spiral,-0.005858459231407209,0.024864412155583163
0.1,1.2521739130434784,3.0555303132523934,endemic_spiral,-0.006337425095733032,0.02641933157764688
0.1,1.423913043478261,3.337530184950101,endemic_spiral,-0.006811436331230174,0.027861646573221648
0.1,1.5956521739130436,3.619530056647809,endemic_spiral,-0.007281430880371911,0.029211634491965042
0.1,1.7673913043478262,3.9015299283455165,endemic_spiral,-0.007748050812058725,0.030483865249410085
0.1,1.9391304347826088,4.183529800043224,endemic_spiral,-0.008211749617672728,0.03168924753664051
0.1,2.110869565217391,4.465529671740931,endemic_spiral,-0.00867285609053031,0.032836217865034635
0.1,2.282608695652174,4.747529543438638,endemic_spiral,-0.009131614186111456,0.03393147333566471
0.1,2.4543478260869565,5.029529415136347,endemic_spiral,-0.009588208136243217,0.03498044520242839
0.1,2.626086956521739,5.311529286834054,endemic_spiral,-0.010042779806088281,0.035987617380157357
0.1,2.7978260869565217,5.593529158531762,endemic_spiral,-0.010495439554234313,0.03695674781291346
0.1,2.9695652173913043,5.87552903022947,endemic_spiral,-0.010946274743304969,0.037891026883336294
0.1,3.141304347826087,6.157528901927177,endemic_spiral,-0.011395354972937592,0.03879319340502843
0.1,3.3130434782608695,6.439528773624885,endemic_spiral,-0.011842736472870052,0.03966562157231146
0.1,3.484782608695652,6.721528645322593,endemic_spiral,-0.012288464841141742,0.04051038708136599
0.1,3.6565217391304348,7.0035285170203,endemic_spiral,-0.012732577429520706,0.04132931855411162
0.1,3.8282608695652174,7.285528388718007,endemic_spiral,-0.013175105144709535,0.04212403790379358
0.1,4.0,7.567528260415715,endemic_spiral,-0.013616073458063373,0.04289599244363842
0.12,0.05,1.1800526855311833,endemic_spiral,-0.0028973102679324147,0.009926967521036641
0.12,0.2217391304347826,1.462052557228891,endemic_spiral,-0.0034946199548175723,0.014758083316900832
0.12,0.3934782608695652,1.7440524289265986,endemic_spiral,-0.004045768347164953,0.017808916015024528
0.12,0.5652173913043479,2.0260523006243063,endemic_spiral,-0.004568239115179397,0.020197007366929733
0.12,0.7369565217391305,2.308052172322014,endemic_spiral,-0.0050729571181340315,0.022225439616770433
0.12,0.9086956521739131,2.5900520440197212,endemic_spiral,-0.005565929202558096,0.024020936951667207
0.12,1.0804347826086957,2.872051915717429,endemic_spiral,-0.006050607452256102,0.025649230189141156
0.12,1.2521739130434784,3.1540517874151366,endemic_spiral,-0.006529090011329803,0.0271493047060252
0.12,1.423913043478261,3.4360516591128443,endemic_spiral,-0.007002717404524088,0.028546498945903553
0.12,1.5956521739130436,3.718051530810552,endemic_spiral,-0.00747238300352451,0.02985840535776715
0.12,1.7673913043478262,4.00005140250826,endemic_spiral,-0.007938703709400325,0.031097858037732233
0.12,1.9391304347826088,4.282051274205967,endemic_spiral,-0.008402118311914016,0.032274584659672374
0.12,2.110869565217391,4.564051145903674,endemic_spiral,-0.008862946858205578,0.033396184961516105
0.12,2.282608695652174,4.846051017601382,endemic_spiral,-0.009321428011978368,0.034468743302927825
0.12,2.4543478260869565,5.1280508892990895,endemic_spiral,-0.009777742968446357,0.03549722991369582
0.12,2.626086956521739,5.410050760996796,endemic_spiral,-0.01023203150194987,0.036485773787956095
0.12,2.7978260869565217,5.692050632694505,endemic_spiral,-0.010684403177304562,0.037437854313845664
0.12,2.9695652173913043,5.974050504392213,endemic_spiral,-0.011134944495110972,0.0383564395200794
0.12,3.141304347826087,6.25605037608992,endemic_spiral,-0.011583725024613538,0.03924408820231853
0.12,3.3130434782608695,6.538050247787629,endemic_spiral,-0.01203080070150573,0.04010302681865979
0.12,3.484782608695652,6.820050119485336,endemic_spiral,-0.012476217352701902,0.04093520863286548
0.12,3.6565217391304348,7.102049991183042,endemic_spiral,-0.012920012394707305,0.041742359577780476
0.12,3.8282608695652174,7.384049862880751,endemic_spiral,-0.01336221688728475,0.04252601480587081
0.12,4.0,7.666049734578458,endemic_spiral,-0.013802856485122078,0.04328754766322002
0.14,0.05,1.2785741596939268,endemic_spiral,-0.0031061352414344656,0.012378299919706992
0.14,0.2217391304347826,1.5605740313916345,endemic_spiral,-0.0036962124270286676,0.01628365894156756
0.14,0.3934782608695652,1.8425739030893422,endemic_spiral,-0.004242930931615084,0.019010493405140143
0.14,0.5652173913043479,2.12457377478705,endemic_spiral,-0.004763020802362742,0.021223208492482763
0.14,0.7369565217391305,2.4065736464847576,endemic_spiral,-0.005266377135224096,0.023137283576407618
0.14,0.9086956521739131,2.688573518182465,endemic_spiral,-0.005758500898464049,0.02485013802631057
0.14,1.0804347826086957,2.9705733898801725,endemic_spiral,-0.006242599780727108,0.026414746902882317
0.14,1.2521739130434784,3.25257326157788,endemic_spiral,-0.006720648352331916,0.027863566941079214
0.14,1.423913043478261,3.534573133275588,endemic_spiral,-0.007193921542796168,0.029218204442795923
0.14,1.5956521739130436,3.8165730049732955,endemic_spiral,-0.007663276447316184,0.03049394014605109
0.14,1.7673913043478262,4.098572876671003,endemic_spiral,-0.008129309315712947,0.03170208670907546
0.14,1.9391304347826088,4.380572748368711,endemic_spiral,-0.00859244677019078,0.03285132193682988
0.14,2.110869565217391,4.662572620066419,endemic_spiral,-0.0090530017296063,0.03394849314646794
0.14,2.282608695652174,4.944572491764125,endemic_spiral,-0.009511208512266597,0.03499912853725031
0.14,2.4543478260869565,5.226572363461834,endemic_spiral,-0.009967245768776811,0.0360077765309587
0.14,2.626086956521739,5.508572235159541,endemic_spiral,-0.010421251806553473,0.036978239225039206
0.14,2.7978260869565217,5.790572106857249,endemic_spiral,-0.010873335201981324,0.037913737944682176
0.14,2.9695652173913043,6.072571978554956,endemic_spiral,-0.01132358227142573,0.038817033701391536
0.14,3.141304347826087,6.354571850252663,endemic_spiral,-0.011772062305372748,0.03969051691614741
0.14,3.3130434782608695,6.6365717219503715,endemic_spiral,-0.012218831366681226,0.040536275417511855
0.14,3.484782608695652,6.91857159364808,endemic_spiral,-0.012663935268133189,0.041356147021846965
0.14,3.6565217391304348,7.200571465345787,endemic_spiral,-0.013107411660742389,0.042151760716647065
0.14,3.8282608695652174,7.482571337043494,endemic_spiral,-0.01354929175967301,0.042924569392930025
0.14,4.0,7.764571208741202,endemic_spiral,-0.013989601494677588,0.043675876142326764
0.16,0.05,1.37709563385667,endemic_spiral,-0.003310774884124468,0.01437312805658985
0.16,0.2217391304347826,1.6590955055543777,endemic_spiral,-0.003895566619253463,0.01767452446438853
0.16,0.3934782608695652,1.9410953772520854,endemic_spiral,-0.004438927258053605,0.02014408318884819
0.16,0.5652173913043479,2.223095248949793,endemic_spiral,-0.0049571438528166496,0.02220676022295741
0.16,0.7369565217391305,2.5050951206475007,endemic_spiral,-0.005459395903320273,0.024019062957629074
0.16,0.9086956521739131,2.7870949923452084,endemic_spiral,-0.005950811726154414,0.0256565747925436
0.16,1.0804347826086957,3.069094864042916,endemic_spiral,-0.0064344125677756134,0.027162183294766235
0.16,1.2521739130434784,3.3510947357406233,endemic_spiral,-0.006912076480012153,0.028562972984563662
0.16,1.423913043478261,3.633094607438331,endemic_spiral,-0.0073850265591752905,0.02987739028505565
0.16,1.5956521739130436,3.9150944791360387,endemic_spiral,-0.00785409094786723,0.03111871622902866
0.16,1.7673913043478262,4.197094350833746,endemic_spiral,-0.008319849228567103,0.03229692523617588
0.16,1.9391304347826088,4.4790942225314545,endemic_spiral,-0.00878271844013211,0.03341975927157389
0.16,2.110869565217391,4.761094094229161,endemic_spiral,-0.00924300575465884,0.034493387639898135
0.16,2.282608695652174,5.043093965926868,endemic_spiral,-0.009700942097303555,0.035522832813283646
0.16,2.4543478260869565,5.325093837624577,endemic_spiral,-0.010156704234368197,0.03651225675829397
0.16,2.626086956521739,5.6070937093222835,endemic_spiral,-0.010610429331618544,0.03746516010310589
0.16,2.7978260869565217,5.889093581019992,endemic_spiral,-0.011062225501305482,0.038384524847038935
0.16,2.9695652173913043,6.1710934527177,endemic_spiral,-0.011512178779496025,0.03927291910528789
0.16,3.141304347826087,6.4530933244154065,endemic_spiral,-0.011960358392638447,0.040132575696874756
0.16,3.3130434782608695,6.735093196113115,endemic_spiral,-0.0124068205974525,0.04096545219507078
0.16,3.484782608695652,7.017093067810823,endemic_spiral,-0.012851611356288409,0.041773277669641375
0.16,3.6565217391304348,7.2990929395085296,endemic_spiral,-0.013294768557582102,0.04255758935617788
0.16,3.8282608695652174,7.581092811206237,endemic_spiral,-0.013736323672870487,0.04331976220855025
0.16,4.0,7.863092682903945,endemic_spiral,-0.014176302866005044,0.044061032527586544
0.18,0.05,1.4756171080194136,endemic_spiral,-0.0035121617358667406,0.01609096355294162
0.18,0.2217391304347826,1.7576169797171213,endemic_spiral,-0.0040930481646774125,0.018960483507361386
0.18,0.3934782608695652,2.039616851414829,endemic_spiral,-0.004633876966598495,0.021219839083847666
0.18,0.5652173913043479,2.3216167231125366,endemic_spiral,-0.005150639373186381,0.023152380416368353
0.18,0.7369565217391305,2.6036165948102443,endemic_spiral,-0.005652011345401716,0.02487339352881216
0.18,0.9086956521739131,2.885616466507952,endemic_spiral,-0.006142847133141961,0.026441871974998536
0.18,1.0804347826086957,3.1676163382056597,endemic_spiral,-0.0066260270125675855,0.027892631010595838
0.18,1.2521739130434784,3.449616209903367,endemic_spiral,-0.0071033549376162824,0.02924829950049746
0.18,1.423913043478261,3.7316160816010746,endemic_spiral,-0.007576013669645375,0.030524633438883945
0.18,1.5956521739130436,4.013615953298782,endemic_spiral,-0.008044808894338906,0.03173317692053033
0.18,1.7673913043478262,4.29561582499649,endemic_spiral,-0.00851030735052254,0.03288272354769986
0.18,1.9391304347826088,4.577615696694197,endemic_spiral,-0.008972918546151516,0.03398017904414345
0.18,2.110869565217391,4.859615568391905,endemic_spiral,-0.009432945471516255,0.035031100513394926
0.18,2.282608695652174,5.141615440089613,endemic_spiral,-0.009890616568017662,0.03604004983511029
0.18,2.4543478260869565,5.42361531178732,endemic_spiral,-0.010346107173396443,0.03701083439898926
0.18,2.626086956521739,5.705615183485027,endemic_spiral,-0.010799553958085404,0.037946676540757555
0.18,2.7978260869565217,5.987615055182736,endemic_spiral,-0.0112510646655457,0.03885033608701482
0.18,2.9695652173913043,6.269614926880443,endemic_spiral,-0.011700725333789266,0.039724201238533825
0.18,3.141304347826087,6.55161479857815,endemic_spiral,-0.012148605342437476,0.04057035721380516
0.18,3.3130434782608695,6.833614670275859,endemic_spiral,-0.01259476112051761,0.04139063915012898
0.18,3.484782608695652,7.115614541973566,endemic_spiral,-0.013039238905683752,0.04218667350832968
0.18,3.6565217391304348,7.397614413671273,endemic_spiral,-0.013482076882473288,0.042959910787721475
0.18,3.8282608695652174,7.679614285368981,endemic_spiral,-0.01392330677979042,0.043711651982754354
0.18,4.0,7.9616141570666885,endemic_spiral,-0.014362955014187263,0.04444306990099925
0.2,0.05,1.5741385821821572,endemic_spiral,-0.003710970552483185,0.017618743617847113
0.2,0.2217391304347826,1.8561384538798649,endemic_spiral,-0.004288944816569924,0.020161717874118325
0.2,0.3934782608695652,2.1381383255775726,endemic_spiral,-0.004827883287507349,0.022245561953667604
0.2,0.5652173913043479,2.4201381972752802,endemic_spiral,-0.0053435383485868305,0.024063947170691345
0.2,0.7369565217391305,2.702138068972988,endemic_spiral,-0.005844225282231128,0.025702517191665865
0.2,0.9086956521739131,2.9841379406706956,endemic_spiral,-0.006334597000672267,0.02720746167976433
0.2,1.0804347826086957,3.2661378123684033,endemic_spiral,-0.006817428445944724,0.028607071618114627
0.2,1.2521739130434784,3.5481376840661105,endemic_spiral,-0.0072944676336877895,0.029920255134908126
0.2,1.423913043478261,3.830137555763818,endemic_spiral,-0.007766866943342964,0.031160466301337918
0.2,1.5956521739130436,4.112137427461526,endemic_spiral,-0.008235415103420773,0.03233773491684952
0.2,1.7673913043478262,4.394137299159233,endemic_spiral,-0.008700669400547143,0.03345980975010296
0.2,1.9391304347826088,4.676137170856942,endemic_spiral,-0.009163033965867365,0.034532847560170374
0.2,2.110869565217391,4.9581370425546485,endemic_spiral,-0.009622808762171444,0.03556185167675016
0.2,2.282608695652174,5.240136914252355,endemic_spiral,-0.010080220715557444,0.03655096388948799
0.2,2.4543478260869565,5.522136785950064,endemic_spiral,-0.010535444533307514,0.03750366588009378
0.2,2.626086956521739,5.804136657647771,endemic_spiral,-0.010988616379686632,0.03842292274229497
0.2,2.7978260869565217,6.086136529345479,endemic_spiral,-0.01143984417775787,0.03931128791125413
0.2,2.9695652173913043,6.368136401043187,endemic_spiral,-0.01188921411270303,0.04017098164000123
0.2,3.141304347826087,6.650136272740894,endemic_spiral,-0.012336795854843468,0.0410039508260572
0.2,3.3130434782608695,6.932136144438602,endemic_spiral,-0.012782646163002141,0.04181191546917285
0.2,3.484782608695652,7.21413601613631,endemic_spiral,-0.013226811619844115,0.04259640514982036
0.2,3.6565217391304348,7.496135887834017,endemic_spiral,-0.013669330741568014,0.04335878829781961
0.2,3.8282608695652174,7.778135759531724,endemic_spiral,-0.01411023564635853,0.0441002957318639
0.2,4.0,8.060135631229432,endemic_spiral,-0.014549553011156797,0.0448220398508228
0.22,0.05,1.6726600563449003,endemic_spiral,-0.0039076952763784445,0.01900623231911655
0.22,0.2217391304347826,1.954659928042608,endemic_spiral,-0.0044834858710089565,0.021292644852957253
0.22,0.3934782608695652,2.2366597997403157,endemic_spiral,-0.00502103562174481,0.023227406578851428
0.22,0.5652173913043479,2.5186596714380234,endemic_spiral,-0.005535870951242146,0.024944698694739764
0.22,0.7369565217391305,2.800659543135731,endemic_spiral,-0.006036042294186426,0.026508374986447224
0.22,0.9086956521739131,3.0826594148334383,endemic_spiral,-0.006526054709716865,0.027954615044757478
0.22,1.0804347826086957,3.364659286531146,endemic_spiral,-0.007008605419542081,0.029306392115710074
0.22,1.2521739130434784,3.6466591582288537,endemic_spiral,-0.007485401395543739,0.03057948894979903
0.22,1.423913043478261,3.9286590299265614,endemic_spiral,-0.007957572833386207,0.03178538157937669
0.22,1.5956521739130436,4.210658901624269,endemic_spiral,-0.008425896465607968,0.03293277532864624
0.22,1.7673913043478262,4.492658773321977,endemic_spiral,-0.008890922941394135,0.03402849201930382
0.22,1.9391304347826088,4.774658645019684,endemic_spiral,-0.009353053009039658,0.03507801630701459
0.22,2.110869565217391,5.056658516717391,endemic_spiral,-0.009812584875187998,0.036085849801999914
0.22,2.282608695652174,5.338658388415099,endemic_spiral,-0.010269744709920633,0.037055750550057984
0.22,2.4543478260869565,5.620658260112807,endemic_spiral,-0.010724706865750944,0.037990900674816044
0.22,2.626086956521739,5.902658131810513,endemic_spiral,-0.011177607938352943,0.03889402733036375
0.22,2.7978260869565217,6.184658003508222,endemic_spiral,-0.011628555967854672,0.039767492025464486
0.22,2.9695652173913043,6.4666578752059305,endemic_spiral,-0.012077637625427583,0.04061335812245248
0.22,3.141304347826087,6.748657746903637,endemic_spiral,-0.012524923078144484,0.041433442829050246
0.22,3.3130434782608695,7.030657618601346,endemic_spiral,-0.012970469273872368,0.04222935770298326
0.22,3.484782608695652,7.312657490299053,endemic_spiral,-0.013414323534452554,0.04300254094669689
0.22,3.6565217391304348,7.5946573619967594,endemic_spiral,-0.013856524612923667,0.043754283255725154
0.22,3.8282608695652174,7.876657233694468,endemic_spiral,-0.014297105038619189,0.044485748811441926
0.22,4.0,8.158657105392175,endemic_spiral,-0.014736091882711336,0.045197992548869456
0.24,0.05,1.771181530507644,endemic_spiral,-0.004102707385113409,0.02028495956816738
0.24,0.2217391304347826,2.0531814022053516,endemic_spiral,-0.004676856200133262,0.022363988554666956
0.24,0.3934782608695652,2.3351812739030593,endemic_spiral,-0.005213411720237886,0.0241703356076201
0.24,0.5652173913043479,2.617181145600767,endemic_spiral,-0.005727666174484406,0.025797375134548897
0.24,0.7369565217391305,2.8991810172984747,endemic_spiral,-0.006227469017544399,0.02729266246969739
0.24,0.9086956521739131,3.181180888996182,endemic_spiral,-0.006717216385663849,0.02868446739624664
0.24,1.0804347826086957,3.4631807606938896,endemic_spiral,-0.007199549305065754,0.029991397706139622
0.24,1.2521739130434784,3.7451806323915973,endemic_spiral,-0.007676145500708371,0.031226597457119327
0.24,1.423913043478261,4.027180504089305,endemic_spiral,-0.008148119973614996,0.032399836473553885
0.24,1.5956521739130436,4.309180375787013,endemic_spiral,-0.00861624162446796,0.033518658225782795
0.24,1.7673913043478262,4.59118024748472,endemic_spiral,-0.009081057114433229,0.03458906035023364
0.24,1.9391304347826088,4.873180119182428,endemic_spiral,-0.009542965392099496,0.03561592321000082
0.24,2.110869565217391,5.155179990880136,endemic_spiral,-0.0100022640638365,0.03660329311298747
0.24,2.282608695652174,5.4371798625778425,endemic_spiral,-0.010459179286577927,0.037554577177041054
0.24,2.4543478260869565,5.719179734275551,endemic_spiral,-0.010913885891714152,0.03847268177197092
0.24,2.626086956521739,6.001179605973258,endemic_spiral,-0.011366520849721768,0.03936011369273392
0.24,2.7978260869565217,6.283179477670966,endemic_spiral,-0.01181719288684384,0.04021905583797245
0.24,2.9695652173913043,6.565179349368673,endemic_spiral,-0.01226598918693064,0.041051424937994456
0.24,3.141304347826087,6.84717922106638,endemic_spiral,-0.012712980560242023,0.041858916471116475
0.24,3.3130434782608695,7.129179092764089,endemic_spiral,-0.013158224716570032,0.04264303992482567
0.24,3.484782608695652,7.411178964461797,endemic_spiral,-0.013601769121592094,0.043405147154635636
0.24,3.6565217391304348,7.693178836159504,endemic_spiral,-0.014043653324537865,0.04414645520271405
0.24,3.8282608695652174,7.975178707857211,endemic_spiral,-0.014483910173203482,0.04486806499442811
0.24,4.0,8.25717857955492,endemic_spiral,-0.014922567154791035,0.04557097675924495
0.26,0.05,1.869703004670387,endemic_spiral,-0.004296292251999123,0.021476325639730415
0.26,0.2217391304347826,2.1517028763680948,endemic_spiral,-0.004869206564653542,0.023383982715009976
0.26,0.3934782608695652,2.4337027480658024,endemic_spiral,-0.005405079428425877,0.025078423256410225
0.26,0.5652173913043479,2.71570261976351,endemic_spiral,-0.005918951574328304,0.02662432190286578
0.26,0.7369565217391305,2.997702491461218,endemic_spiral,-0.0064185134005137045,0.028056872261484806
0.26,0.9086956521739131,3.2797023631589255,endemic_spiral,-0.0069080803654175274,0.029398038365726024
0.26,1.0804347826086957,3.561702234856633,endemic_spiral,-0.007390253627893488,0.030662822365731163
0.26,1.2521739130434784,3.8437021065543404,endemic_spiral,-0.007866691290345593,0.03186213060421966
0.26,1.423913043478261,4.125701978252048,endemic_spiral,-0.008338498866580413,0.03300425626644558
0.26,1.5956521739130436,4.407701849949756,endemic_spiral,-0.008806440843893273,0.03409572098023592
0.26,1.7673913043478262,4.689701721647463,endemic_spiral,-0.009271062326952387,0.03514178802921793
0.26,1.9391304347826088,4.971701593345172,endemic_spiral,-0.009732761908572439,0.036146793540331214
0.26,2.110869565217391,5.253701465042878,endemic_spiral,-0.010191837598210069,0.037114370111288715
0.26,2.282608695652174,5.535701336740585,endemic_spiral,-0.01064851636608561,0.03804760354226876
0.26,2.4543478260869565,5.817701208438294,endemic_spiral,-0.011102973799238285,0.03894914605787134
0.26,2.626086956521739,6.0997010801360005,endemic_spiral,-0.011555347815380566,0.039821300261008115
0.26,2.7978260869565217,6.381700951833709,endemic_spiral,-0.012005747988902997,0.0406660826991381
0.26,2.9695652173913043,6.663700823531417,endemic_spiral,-0.01245426244495619,0.04148527296301804
0.26,3.141304347826087,6.945700695229124,endemic_spiral,-0.01290096252090217,0.042280452206313206
0.26,3.3130434782608695,7.227700566926832,endemic_spiral,-0.013345906723894763,0.04305303377030764
0.26,3.484782608695652,7.50970043862454,endemic_spiral,-0.013789143226221448,0.043804287928202575
0.26,3.6565217391304348,7.791700310322247,endemic_spiral,-0.014230711975074169,0.044535361897881424
0.26,3.8282608695652174,8.073700182019955,endemic_spiral,-0.014670646407781223,0.04524729652561202
0.26,4.0,8.355700053717662,endemic_spiral,-0.01510897449583685,0.04594103993577791
0.28,0.05,1.9682244788331307,endemic_spiral,-0.004488672402415996,0.0225956043197098
0.28,0.2217391304347826,2.2502243505308384,endemic_spiral,-0.005060661117234366,0.024359112333306763
0.28,0.3934782608695652,2.532224222228546,endemic_spiral,-0.005596098179670645,0.025955065648492075
0.28,0.5652173913043479,2.8142240939262537,endemic_spiral,-0.006109753158056782,0.027427566547455796
0.28,0.7369565217391305,3.0962239656239614,endemic_spiral,-0.006609184334569388,0.028802327447391994
0.28,0.9086956521739131,3.378223837321669,endemic_spiral,-0.007098646680052485,0.030096248279716895
0.28,1.0804347826086957,3.6602237090193768,endemic_spiral,-0.007580713871838214,0.03132133762181639
0.28,1.2521739130434784,3.942223580717084,endemic_spiral,-0.00805703191511209,0.032486596865104224
0.28,1.423913043478261,4.224223452414792,endemic_spiral,-0.008528701506612734,0.033599037467219234
0.28,1.5956521739130436,4.506223324112499,endemic_spiral,-0.008996485825770343,0.0346642802710333
0.28,1.7673913043478262,4.7882231958102075,endemic_spiral,-0.009460930221137621,0.03568693301613726
0.28,1.9391304347826088,5.070223067507914,endemic_spiral,-0.009922434459199023,0.03667084096306658
0.28,2.110869565217391,5.352222939205622,endemic_spiral,-0.010381297773412478,0.037619260265791044
0.28,2.282608695652174,5.63422281090333,endemic_spiral,-0.010837748465541253,0.03853498224544792
0.28,2.4543478260869565,5.916222682601037,endemic_spiral,-0.011291963605441917,0.03942042469157959
0.28,2.626086956521739,6.198222554298744,endemic_spiral,-0.011744082325370296,0.040277700812655845
0.28,2.7978260869565217,6.480222425996453,endemic_spiral,-0.012194215222761519,0.04110867211727439
0.28,2.9695652173913043,6.76222229769416,endemic_spiral,-0.012642451501656507,0.04191498984992387
0.28,3.141304347826087,7.044222169391867,endemic_spiral,-0.013088863415810562,0.04269812778035404
0.28,3.3130434782608695,7.326222041089576,endemic_spiral,-0.01353351028949047,0.04345940864050604
0.28,3.484782608695652,7.608221912787283,endemic_spiral,-0.013976440926622407,0.04420002549481344
0.28,3.6565217391304348,7.89022178448499,endemic_spiral,-0.01441769601375632,0.04492105944181569
0.28,3.8282608695652174,8.172221656182698,endemic_spiral,-0.014857309443063536,0.04562349419144503
0.28,4.0,8.454221527880406,endemic_spiral,-0.015295309768701386,0.04630822825051918
0.3,0.05,2.066745952995874,endemic_spiral,-0.004680023878210872,0.02365412488674885
0.3,0.2217391304347826,2.3487458246935815,endemic_spiral,-0.005251323035867662,0.025294593439723515
0.3,0.3934782608695652,2.630745696391289,endemic_spiral,-0.005786520245515427,0.026803130697890334
0.3,0.5652173913043479,2.912745568088997,endemic_spiral,-0.006300095343191432,0.028208877143708795
0.3,0.7369565217391305,3.1947454397867046,endemic_spiral,-0.0067994913072739315,0.029530208017976074
0.3,0.9086956521739131,3.476745311484412,endemic_spiral,-0.007288916681550338,0.030779931558730204
0.3,1.0804347826086957,3.7587451831821195,endemic_spiral,-0.007770926942400558,0.031967559985671426
0.3,1.2521739130434784,4.040745054879827,endemic_spiral,-0.008247161927108285,0.03310046762395579
0.3,1.423913043478261,4.322744926577535,endemic_spiral,-0.008718721282873184,0.03418455053587445
0.3,1.5956521739130436,4.6047447982752425,endemic_spiral,-0.009186369388910692,0.035224633845201116
0.3,1.7673913043478262,4.88674466997295,endemic_spiral,-0.009650653601219611,0.036224739147356466
0.3,1.9391304347826088,5.168744541670658,endemic_spiral,-0.010111975847148905,0.03718826832209341
0.3,2.110869565217391,5.450744413368366,endemic_spiral,-0.010570637504465335,0.03811813464096815
0.3,2.282608695652174,5.732744285066072,endemic_spiral,-0.011026868987174683,0.03901685921708048
0.3,2.4543478260869565,6.014744156763781,endemic_spiral,-0.011480848970198874,0.03988664342640026
0.3,2.626086956521739,6.296744028461488,endemic_spiral,-0.011932718194306257,0.04072942468230215
0.3,2.7978260869565217,6.578743900159196,endemic_spiral,-0.01238258878769672,0.04154691994312811
0.3,2.9695652173913043,6.860743771856903,endemic_spiral,-0.012830550962555615,0.04234066022548464
0.3,3.141304347826087,7.14274364355461,endemic_spiral,-0.013276678119019322,0.04311201839693271
0.3,3.3130434782608695,7.4247435152523185,endemic_spiral,-0.013721030489397362,0.043862231683568086
0.3,3.484782608695652,7.706743386950027,endemic_spiral,-0.014163657689298984,0.044592420206046444
0.3,3.6565217391304348,7.988743258647734,endemic_spiral,-0.014604601060831389,0.04530360229786211
0.3,3.8282608695652174,8.27074313034544,endemic_spiral,-0.015043895207114126,0.045996707371315254
0.3,4.0,8.55274300204315,endemic_spiral,-0.015481569198024335,0.046672586646378314
0.32,0.05,2.1652674271586174,endemic_spiral,-0.004870487776468342,0.02466055162342567
0.32,0.2217391304347826,2.447267298856325,endemic_spiral,-0.005441278773545529,0.02619469583082811
0.32,0.3934782608695652,2.729267170554033,endemic_spiral,-0.005976391737098305,0.027625067660787993
0.32,0.5652173913043479,3.0112670422517405,endemic_spiral,-0.0064900009870925025,0.028969807348403563
0.32,0.7369565217391305,3.293266913949448,endemic_spiral,-0.006989444102293589,0.030241572176819467
0.32,0.9086956521739131,3.5752667856471554,endemic_spiral,-0.007478892788145093,0.03144984785323693
0.32,1.0804347826086957,3.857266657344863,endemic_spiral,-0.007960891097676667,0.03260205722780611
0.32,1.2521739130434784,4.139266529042571,endemic_spiral,-0.00843707721047337,0.03370418097748617
0.32,1.423913043478261,4.421266400740278,endemic_spiral,-0.008908552802970527,0.03476114228082922
0.32,1.5956521739130436,4.703266272437986,endemic_spiral,-0.009376085538672509,0.03577706214286273
0.32,1.7673913043478262,4.985266144135694,endemic_spiral,-0.009840226080515897,0.036755437206824094
0.32,1.9391304347826088,5.2672660158334015,endemic_spiral,-0.010301379717827627,0.03769926841115709
0.32,2.110869565217391,5.549265887531108,endemic_spiral,-0.010759850680576097,0.03861115638649669
0.32,2.282608695652174,5.831265759228816,endemic_spiral,-0.011215871828565507,0.039493374080735805
0.32,2.4543478260869565,6.113265630926524,endemic_spiral,-0.011669624034564462,0.04034792292631543
0.32,2.626086956521739,6.39526550262423,endemic_spiral,-0.012121250017332233,0.04117657707894776
0.32,2.7978260869565217,6.677265374321939,endemic_spiral,-0.012570863395573211,0.04198091856803408
0.32,2.9695652173913043,6.959265246019648,endemic_spiral,-0.013018555821135862,0.042762365803665825
0.32,3.141304347826087,7.241265117717354,endemic_spiral,-0.01346440190404571,0.04352219674896179
0.32,3.3130434782608695,7.523264989415063,endemic_spiral,-0.013908462813769083,0.04426156799395739
0.32,3.484782608695652,7.80526486111277,endemic_spiral,-0.01435078922800236,0.044981530601308925
0.32,3.6565217391304348,8.087264732810477,endemic_spiral,-0.014791423113195866,0.04568304337093045
0.32,3.8282608695652174,8.369264604508185,endemic_spiral,-0.015230399877386565,0.0463669840751253
0.32,4.0,8.651264476205892,endemic_spiral,-0.015667749058914278,0.047034158875599696
0.34,0.05,2.263788901321361,endemic_spiral,-0.005060178534110263,0.025621677808089688
0.34,0.2217391304347826,2.5457887730190687,endemic_spiral,-0.005630601279175078,0.027062967444045467
0.34,0.3934782608695652,2.8277886447167764,endemic_spiral,-0.006165753496537137,0.02842298885447137
0.34,0.5652173913043479,3.109788516414484,endemic_spiral,-0.006679491452592227,0.029711731814648465
0.34,0.7369565217391305,3.3917883881121917,endemic_spiral,-0.007179052635521214,0.03093737357314861
0.34,0.9086956521739131,3.673788259809899,endemic_spiral,-0.007668578209925457,0.032106691312889186
0.34,1.0804347826086957,3.9557881315076067,endemic_spiral,-0.008150605591164393,0.03322535375775891
0.34,1.2521739130434784,4.237788003205314,endemic_spiral,-0.008626774720604,0.034298144985151977
0.34,1.423913043478261,4.519787874903022,endemic_spiral,-0.009098191720225697,0.03532913799499697
0.34,1.5956521739130436,4.80178774660073,endemic_spiral,-0.009565629059006802,0.036321829637448594
0.34,1.7673913043478262,5.083787618298437,endemic_spiral,-0.0100296422709085,0.037279245908615796
0.34,1.9391304347826088,5.365787489996145,endemic_spiral,-0.010490640490185683,0.03820402469668861
0.34,2.110869565217391,5.647787361693853,endemic_spiral,-0.010948931619876694,0.039098481285679304
0.34,2.282608695652174,5.9297872333915596,endemic_spiral,-0.01140475149792894,0.03996466054493348
0.34,2.4543478260869565,6.211787105089268,endemic_spiral,-0.011858283593662113,0.040804379058145636
0.34,2.626086956521739,6.493786976786975,endemic_spiral,-0.01230967262790252,0.041619259210236535
0.34,2.7978260869565217,6.7757868484846835,endemic_spiral,-0.01275903417242959,0.04241075709430566
0.34,2.9695652173913043,7.05778672018239,endemic_spiral,-0.0132064614462577,0.04318018554734409
0.34,3.141304347826087,7.339786591880097,endemic_spiral,-0.013652030353290597,0.04392873325525114
0.34,3.3130434782608695,7.621786463577806,endemic_spiral,-0.014095803116095137,0.0446574806580988
0.34,3.484782608695652,7.903786335275514,endemic_spiral,-0.014537831548647778,0.045367413507312306
0.34,3.6565217391304348,8.185786206973221,endemic_spiral,-0.014978158423524953,0.04605943408700331
0.34,3.8282608695652174,8.467786078670928,endemic_spiral,-0.015416819759883925,0.046734371040637365
0.34,4.0,8.749785950368636,endemic_spiral,-0.015853845971166847,0.04739298756060642
0.36,0.05,2.362310375484104,endemic_spiral,-0.005249189879992186,0.026542941311695222
0.36,0.2217391304347826,2.644310247181812,endemic_spiral,-0.0058193525820072695,0.027902394546100658
0.36,0.3934782608695652,2.9263101188795195,endemic_spiral,-0.006354641773002687,0.029198731777886372
0.36,0.5652173913043479,3.208309990577227,endemic_spiral,-0.006868586591898334,0.03043587415090424
0.36,0.7369565217391305,3.490309862274935,endemic_spiral,-0.007368326797619322,0.03161847556107422
0.36,0.9086956521739131,3.7723097339726426,endemic_spiral,-0.00785797672619568,0.0327510984116557
0.36,1.0804347826086957,4.05430960567035,endemic_spiral,-0.008340070470107382,0.03383793520893963
0.36,1.2521739130434784,4.336309477368058,endemic_spiral,-0.008816252241159674,0.03488274056613499
0.36,1.423913043478261,4.618309349065765,endemic_spiral,-0.009287634400921563,0.03588884327594378
0.36,1.5956521739130436,4.900309220763473,endemic_spiral,-0.009754995732988565,0.03685918618272855
0.36,1.7673913043478262,5.18230909246118,endemic_spiral,-0.010218897346624031,0.03779637277793961
0.36,1.9391304347826088,5.464308964158889,endemic_spiral,-0.010679753219446236,0.03870271193360956
0.36,2.110869565217391,5.7463088358565955,endemic_spiral,-0.01113787543369827,0.03958025822852573
0.36,2.282608695652174,6.028308707554302,endemic_spiral,-0.011593503147497191,0.0404308467858976
0.36,2.4543478260869565,6.310308579252011,endemic_spiral,-0.012046822804891836,0.041256123149106316
0.36,2.626086956521739,6.592308450949718,endemic_spiral,-0.01249798144657847,0.04205756857112804
0.36,2.7978260869565217,6.874308322647426,endemic_spiral,-0.01294709672831195,0.042836521506938084
0.36,2.9695652173913043,7.156308194345134,endemic_spiral,-0.013394263551239408,0.04359419577520874
0.36,3.141304347826087,7.438308066042841,endemic_spiral,-0.01383955922811703,0.04433169602222744
0.36,3.3130434782608695,7.720307937740549,endemic_spiral,-0.014283047524917759,0.04505003086309178
0.36,3.484782608695652,8.002307809438257,endemic_spiral,-0.014724780885057968,0.045750124087989626
0.36,3.6565217391304348,8.284307681135964,endemic_spiral,-0.01516480327094915,0.046432824422060134
0.36,3.8282608695652174,8.56630755283367,endemic_spiral,-0.015603151491786788,0.04709891372521914
0.36,4.0,8.848307424531379,endemic_spiral,-0.016039856603583993,0.047749114209246664
0.38,0.05,2.4608318496468473,endemic_spiral,-0.005437599370996435,0.02742877188845964
0.38,0.2217391304347826,2.742831721344555,endemic_spiral,-0.006007585718224313,0.02871551900699478
0.38,0.3934782608695652,3.0248315930422627,endemic_spiral,-0.006543088867073032,0.029953907196035245
0.38,0.5652173913043479,3.3068314647399704,endemic_spiral,-0.007057304943768328,0.0311433296448824
0.38,0.7369565217391305,3.588831336437678,endemic_spiral,-0.007557276333283129,0.0322856629037518
0.38,0.9086956521739131,3.8708312081353853,endemic_spiral,-0.008047092603639623,0.03338365457829901
0.38,1.0804347826086957,4.152831079833093,endemic_spiral,-0.008529286585186856,0.03444025245071952
0.38,1.2521739130434784,4.434830951530801,endemic_spiral,-0.009005508432579048,0.035458324011820315
0.38,1.423913043478261,4.716830823228508,endemic_spiral,-0.009476878187608027,0.036440545714348405
0.38,1.5956521739130436,4.998830694926216,endemic_spiral,-0.00994418198108919,0.037389368125319095
0.38,1.7673913043478262,5.280830566623924,endemic_spiral,-0.010407987306393713,0.03830701496730426
0.38,1.9391304347826088,5.562830438321631,endemic_spiral,-0.01086871367456216,0.039195496735450766
0.38,2.110869565217391,5.844830310019338,endemic_spiral,-0.011326677704107791,0.04005662962591313
0.38,2.282608695652174,6.126830181717046,endemic_spiral,-0.011782122385761555,0.04089205572519559
0.38,2.4543478260869565,6.4088300534147535,endemic_spiral,-0.012235237290798201,0.041703262223311756
0.38,2.626086956521739,6.69082992511246,endemic_spiral,-0.012686172177108379,0.04249159908892077
0.38,2.7978260869565217,6.972829796810169,endemic_spiral,-0.013135046909295164,0.04325829481210275
0.38,2.9695652173913043,7.2548296685078775,endemic_spiral,-0.013581958092310758,0.0440044702913614
0.38,3.141304347826087,7.536829540205584,endemic_spiral,-0.014026984967350293,0.044731151091152256
0.38,3.3130434782608695,7.818829411903293,endemic_spiral,-0.014470192203159857,0.045439277908373585
0.38,3.484782608695652,8.100829283601,endemic_spiral,-0.014911633731227607,0.0461297159460126
0.38,3.6565217391304348,8.382829155298706,endemic_spiral,-0.015351354420431744,0.046803262988676674
0.38,3.8282608695652174,8.664829026996415,endemic_spiral,-0.01578939189655769,0.047460656382850415
0.38,4.0,8.946828898694122,endemic_spiral,-0.01622577793468319,0.048102579285309865
0.4,0.05,2.5593533238095914,endemic_spiral,-0.005625471693346739,0.028282832780077285
0.4,0.2217391304347826,2.841353195507299,endemic_spiral,-0.00619534632262685,0.029504525821946407
0.4,0.3934782608695652,3.1233530672050067,endemic_spiral,-0.006731123663484932,0.030689936786922348
0.4,0.5652173913043479,3.4053529389027144,endemic_spiral,-0.007245663731383931,0.03183508352514781
0.4,0.7369565217391305,3.687352810600422,endemic_spiral,-0.007745910822314959,0.03293965166901366
0.4,0.9086956521739131,3.9693526822981298,endemic_spiral,-0.00823593042932988,0.03400489985718973
0.4,1.0804347826086957,4.2513525539958374,endemic_spiral,-0.008718255231076652,0.035032725010400514
0.4,1.2521739130434784,4.533352425693545,endemic_spiral,-0.009194542519422963,0.03602522918332788
0.4,1.423913043478261,4.815352297391252,endemic_spiral,-0.009665920945991006,0.03698451637955723
0.4,1.5956521739130436,5.0973521690889605,endemic_spiral,-0.010133184785275326,0.037912599240532
0.4,1.7673913043478262,5.379352040786667,endemic_spiral,-0.010596908628666961,0.0388113599479354
0.4,1.9391304347826088,5.661351912484376,endemic_spiral,-0.011057518043988142,0.03968253807759639
0.4,2.110869565217391,5.943351784182083,endemic_spiral,-0.011515334495706185,0.040527731791444206
0.4,2.282608695652174,6.2253516558797894,endemic_spiral,-0.011970605218904279,0.04134840535118815
0.4,2.4543478260869565,6.507351527577498,endemic_spiral,-0.01242352312186457,0.042145899279408525
0.4,2.626086956521739,6.789351399275205,endemic_spiral,-0.012874240952194027,0.0429214413228679
0.4,2.7978260869565217,7.071351270972913,endemic_spiral,-0.01332288083740019,0.043676157165475
0.4,2.9695652173913043,7.353351142670621,endemic_spiral,-0.013769541561821176,0.044411080527729206
0.4,3.141304347826087,7.635351014368328,endemic_spiral,-0.014214303765520126,0.045127162389643115
0.4,3.3130434782608695,7.917350886066036,endemic_spiral,-0.01465723384141622,0.04582527938442108
0.4,3.484782608695652,8.199350757763744,endemic_spiral,-0.01509838680007343,0.0465062411327506
0.4,3.6565217391304348,8.481350629461451,endemic_spiral,-0.015537808628735331,0.04717079705114938
0.4,3.8282608695652174,8.76335050115916,endemic_spiral,-0.015975537815139128,0.04781964212520356
0.4,4.0,9.045350372856866,endemic_spiral,-0.016411607033150515,0.048453422204888776
0.42,0.05,2.6578747979723345,endemic_spiral,-0.005812861240445425,0.029108193008702255
0.42,0.2217391304347826,2.939874669670042,endemic_spiral,-0.006382673879336864,0.03027130959000823
0.42,0.3934782608695652,3.22187454136775,endemic_spiral,-0.006918772036061144,0.0314080830783617
0.42,0.5652173913043479,3.5038744130654575,endemic_spiral,-0.007433678972766667,0.03251202607335532
0.42,0.7369565217391305,3.7858742847631652,endemic_spiral,-0.00793423956300144,0.033581097429385864
0.42,0.9086956521739131,4.0678741564608725,endemic_spiral,-0.008424494991549542,0.03461533377560051
0.42,1.0804347826086957,4.34987402815858,endemic_spiral,-0.008906978189099248,0.03561574410128464
0.42,1.2521739130434784,4.631873899856288,endemic_spiral,-0.00938335430977547,0.03658376948699991
0.42,1.423913043478261,4.9138737715539955,endemic_spiral,-0.009854761169675045,0.037521011127988016
0.42,1.5956521739130436,5.195873643251703,endemic_spiral,-0.010322001859006925,0.03842909179131138
0.42,1.7673913043478262,5.477873514949411,endemic_spiral,-0.010785658461015424,0.039309586212752115
0.42,1.9391304347826088,5.759873386647119,endemic_spiral,-0.011246163052013513,0.04016398786908854
0.42,2.110869565217391,6.041873258344825,endemic_spiral,-0.011703842358124458,0.04099369531965568
0.42,2.282608695652174,6.323873130042533,endemic_spiral,-0.012158948118507009,0.041800008976186
0.42,2.4543478260869565,6.605873001740241,endemic_spiral,-0.01261167685505192,0.042584133445097476
0.42,2.626086956521739,6.8878728734379475,endemic_spiral,-0.013062184265021072,0.043347182631937986
0.42,2.7978260869565217,7.169872745135656,endemic_spiral,-0.013510595123533276,0.04409018606826304
0.42,2.9695652173913043,7.451872616833365,endemic_spiral,-0.013957010380961239,0.04481409558047006
0.42,3.141304347826087,7.7338724885310715,endemic_spiral,-0.0144015123396872,0.04551979194353407
0.42,3.3130434782608695,8.01587236022878,endemic_spiral,-0.01484416917950849,0.04620809116939398
0.42,3.484782608695652,8.297872231926487,endemic_spiral,-0.015285036998393562,0.04687975024784683
0.42,3.6565217391304348,8.579872103624194,endemic_spiral,-0.015724162939184362,0.047535472617450995
0.42,3.8282608695652174,8.861871975321902,endemic_spiral,-0.016161586494403545,0.0481759129144033
0.42,4.0,9.143871847019609,endemic_spiral,-0.016597341129402383,0.04880168141578123
0.44,0.05,2.7563962721350777,endemic_spiral,-0.005999814075448334,0.02990745334548684
0.44,0.2217391304347826,3.0383961438327853,endemic_spiral,-0.006569602696622561,0.031017525966179578
0.44,0.3934782608695652,3.320396015530493,endemic_spiral,-0.007106057215637223,0.03210947351498352
0.44,0.5652173913043479,3.6023958872282007,endemic_spiral,-0.0076213655629946905,0.03317496509056602
0.44,0.7369565217391305,3.8843957589259084,endemic_spiral,-0.008122271556350851,0.034210602325822154
0.44,0.9086956521739131,4.166395630623616,endemic_spiral,-0.008612791237997802,0.0352154195313937
0.44,1.0804347826086957,4.448395502321324,endemic_spiral,-0.009095457711566212,0.03618967530612137
0.44,1.2521739130434784,4.7303953740190305,endemic_spiral,-0.00957194405006635,0.03713423962495722
0.44,1.423913043478261,5.012395245716739,endemic_spiral,-0.010043397855148777,0.038050271793383786
0.44,1.5956521739130436,5.294395117414446,endemic_spiral,-0.010510631210818716,0.03893904725111952
0.44,1.7673913043478262,5.5763949891121545,endemic_spiral,-0.010974234315940773,0.03980186381298035
0.44,1.9391304347826088,5.858394860809861,endemic_spiral,-0.011434645868821935,0.040639991297176686
0.44,2.110869565217391,6.140394732507569,endemic_spiral,-0.0118921982845231,0.04145464541233329
0.44,2.282608695652174,6.422394604205277,endemic_spiral,-0.012347147845508867,0.04224697551012805
0.44,2.4543478260869565,6.704394475902984,endemic_spiral,-0.012799695073266485,0.04301806019916755
0.44,2.626086956521739,6.986394347600691,endemic_spiral,-0.013249998867331015,0.043768907325785644
0.44,2.7978260869565217,7.2683942192984,endemic_spiral,-0.013698186553718973,0.044500456411162084
0.44,2.9695652173913043,7.550394090996107,endemic_spiral,-0.01414436148237411,0.045213582406847336
0.44,3.141304347826087,7.832393962693814,endemic_spiral,-0.014588607809304842,0.04590909988068393
0.44,3.3130434782608695,8.114393834391523,endemic_spiral,-0.015030995219772792,0.04658776752299371
0.44,3.484782608695652,8.396393706089231,endemic_spiral,-0.015471581414933397,0.047250292477778635
0.44,3.6565217391304348,8.678393577786938,endemic_spiral,-0.0159104145262148,0.047897334451205066
0.44,3.8282608695652174,8.960393449484645,endemic_spiral,-0.01634753517497689,0.04852950966643803
0.44,4.0,9.242393321182352,endemic_spiral,-0.016782977641088062,0.049147394406867814
0.46,0.05,2.8549177462978212,endemic_spiral,-0.0061863694427773,0.03068283996653154
0.46,0.2217391304347826,3.136917617995529,endemic_spiral,-0.006756162759836894,0.03174463185894091
0.46,0.3934782608695652,3.4189174896932366,endemic_spiral,-0.007293000138812073,0.032795120005334015
0.46,0.5652173913043479,3.7009173613909443,endemic_spiral,-0.007808737365693279,0.033824636351612515
0.46,0.7369565217391305,3.982917233088652,endemic_spiral,-0.008310015496758368,0.03482872103754387
0.46,0.9086956521739131,4.26491710478636,endemic_spiral,-0.00880082418713519,0.03580558763671089
0.46,1.0804347826086957,4.546916976484067,endemic_spiral,-0.009283696154707588,0.03675486084105542
0.46,1.2521739130434784,4.828916848181775,endemic_spiral,-0.009760312440387681,0.03767691712994569
0.46,1.423913043478261,5.110916719879482,endemic_spiral,-0.01023183034560637,0.038572527241225285
0.46,1.5956521739130436,5.39291659157719,endemic_spiral,-0.01069907145950855,0.039442657104751366
0.46,1.7673913043478262,5.674916463274897,endemic_spiral,-0.011162634125435795,0.04028835498897163
0.46,1.9391304347826088,5.956916334972606,endemic_spiral,-0.011622964031442385,0.04111068729492709
0.46,2.110869565217391,6.2389162066703125,endemic_spiral,-0.012080399516417203,0.041910702182830405
0.46,2.282608695652174,6.520916078368019,endemic_spiral,-0.01253520165874179,0.042689409711801456
0.46,2.4543478260869565,6.802915950065728,endemic_spiral,-0.01298757496808493,0.043447771587904166
0.46,2.626086956521739,7.084915821763435,endemic_spiral,-0.01343768174441242,0.044186696789813525
0.46,2.7978260869565217,7.366915693461143,endemic_spiral,-0.013885652228285063,0.04490704065149282
0.46,2.9695652173913043,7.648915565158851,endemic_spiral,-0.01433159193317052,0.04560960583191421
0.46,3.141304347826087,7.930915436856558,endemic_spiral,-0.014775587216749653,0.04629514450369453
0.46,3.3130434782608695,8.212915308554265,endemic_spiral,-0.015217709308362328,0.04696436119420762
0.46,3.484782608695652,8.494915180251974,endemic_spiral,-0.015658017350614735,0.047617915663191776
0.46,3.6565217391304348,8.77691505194968,endemic_spiral,-0.01609656081659365,0.048256426143246246
0.46,3.8282608695652174,9.05891492364739,endemic_spiral,-0.016533381338882845,0.04888047221894763
0.46,4.0,9.340914795345096,endemic_spiral,-0.016968514061539583,0.04949059774079312
0.48,0.05,2.953439220460565,endemic_spiral,-0.00637256101786042,0.03143627562200946
0.48,0.2217391304347826,3.2354390921582725,endemic_spiral,-0.00694238035910859,0.03245391739273247
0.48,0.3934782608695652,3.51743896385598,endemic_spiral,-0.007479619733329827,0.033465934941222186
0.48,0.5652173913043479,3.799438835553688,endemic_spiral,-0.007995807263647854,0.03446171235345146
0.48,0.7369565217391305,4.081438707251396,endemic_spiral,-0.008497479740345194,0.03543596592337976
0.48,0.9086956521739131,4.363438578949103,endemic_spiral,-0.008988598897601365,0.036386239107181535
0.48,1.0804347826086957,4.645438450646811,endemic_spiral,-0.009471696235083212,0.037311621674295296
0.48,1.2521739130434784,4.927438322344518,endemic_spiral,-0.009948460397055964,0.03821206371902214
0.48,1.423913043478261,5.209438194042226,endemic_spiral,-0.010420058513142575,0.03908799436493554
0.48,1.5956521739130436,5.491438065739933,endemic_spiral,-0.01088732151326453,0.03994010354549171
0.48,1.7673913043478262,5.773437937437642,endemic_spiral,-0.011350856196399778,0.04076921460591126
0.48,1.9391304347826088,6.0554378091353485,endemic_spiral,-0.011811115524893103,0.04157620888355848
0.48,2.110869565217391,6.337437680833056,endemic_spiral,-0.01226844367313839,0.0423619809627183
0.48,2.282608695652174,6.619437552530764,endemic_spiral,-0.012723106889077164,0.043127412350008845
0.48,2.4543478260869565,6.9014374242284715,endemic_spiral,-0.013175313855729991,0.043873356327737416
0.48,2.626086956521739,7.183437295926178,endemic_spiral,-0.01362523029557392,0.044600629695244476
0.48,2.7978260869565217,7.465437167623887,endemic_spiral,-0.01407298935265542,0.045310008908800437
0.48,2.9695652173913043,7.7474370393215946,endemic_spiral,-0.01451869912799771,0.04600222871659614
0.48,3.141304347826087,8.029436911019301,endemic_spiral,-0.014962447865783731,0.04667798243778792
0.48,3.3130434782608695,8.31143678271701,endemic_spiral,-0.01540430875901913,0.047337923356175676
0.48,3.484782608695652,8.593436654414717,endemic_spiral,-0.015844342264511528,0.04798266634403363
0.48,3.6565217391304348,8.875436526112424,endemic_spiral,-0.016282599319700677,0.04861279014237474
0.48,3.8282608695652174,9.157436397810132,endemic_spiral,-0.016719122536442636,0.04922883942833514
0.48,4.0,9.43943626950784,endemic_spiral,-0.01715394815392854,0.049831327100236356
0.5,0.05,3.051960694623308,endemic_spiral,-0.006558417833238616,0.0321694342971316
0.5,0.2217391304347826,3.3339605663210157,endemic_spiral,-0.007128278645870194,0.03314653153583254
0.5,0.3934782608695652,3.6159604380187234,endemic_spiral,-0.007665933106020315,0.034122744484307146
0.5,0.5652173913043479,3.897960309716431,endemic_spiral,-0.008182587280884515,0.035086809755335305
0.5,0.7369565217391305,4.179960181414138,endemic_spiral,-0.008684672326412287,0.036032811440612864
0.5,0.9086956521739131,4.461960053111846,endemic_spiral,-0.009176120373161583,0.03695774824558264
0.5,1.0804347826086957,4.743959924809554,endemic_spiral,-0.009659460749632795,0.037860259302310725
0.5,1.2521739130434784,5.025959796507261,endemic_spiral,-0.010136389199407528,0.03873992660754723
0.5,1.423913043478261,5.307959668204969,endemic_spiral,-0.010608082332588947,0.03959687890691897
0.5,1.5956521739130436,5.589959539902677,endemic_spiral,-0.011075380559688654,0.0404315600754147
0.5,1.7673913043478262,5.871959411600384,endemic_spiral,-0.011538899277878989,0.0412445906473023
0.5,1.9391304347826088,6.153959283298092,endemic_spiral,-0.011999098526408822,0.04203668354396189
0.5,2.110869565217391,6.4359591549958,endemic_spiral,-0.012456328792168715,0.04280859254551063
0.5,2.282608695652174,6.7179590266935065,endemic_spiral,-0.012910861405179688,0.043561080504874665
0.5,2.4543478260869565,6.999958898391215,endemic_spiral,-0.013362909385665846,0.0442949000452647
0.5,2.626086956521739,7.281958770088922,endemic_spiral,-0.013812642068409906,0.04501078203428241
0.5,2.7978260869565217,7.5639586417866305,endemic_spiral,-0.014260195588472076,0.04570942905635021
0.5,2.9695652173913043,7.845958513484337,endemic_spiral,-0.014705680514123862,0.04639151197629664
0.5,3.141304347826087,8.127958385182044,endemic_spiral,-0.015149187438065561,0.04705766865041368
0.5,3.3130434782608695,8.409958256879753,endemic_spiral,-0.015590791089401283,0.04770850380842974
0.5,3.484782608695652,8.691958128577461,endemic_spiral,-0.01603055379838641,0.04834458979870383
0.5,3.6565217391304348,8.973958000275168,endemic_spiral,-0.016468527682245104,0.04896646777927105
0.5,3.8282608695652174,9.255957871972875,endemic_spiral,-0.01690475656754191,0.04957464917361934
0.5,4.0,9.537957743670583,endemic_spiral,-0.017339277605978295,0.05016961729641336
0.52,0.05,3.1504821687860516,endemic_spiral,-0.006743965058996309,0.032883783978765437
0.52,0.2217391304347826,3.4324820404837593,endemic_spiral,-0.007313878106672859,0.03382350280885941
0.52,0.3934782608695652,3.714481912181467,endemic_spiral,-0.007851955787537085,0.03476629961671781
0.52,0.5652173913043479,3.9964817838791746,endemic_spiral,-0.008369088569159772,0.035700495707663
0.52,0.7369565217391305,4.278481655576883,endemic_spiral,-0.008871600892127175,0.03661969801115829
0.52,0.9086956521739131,4.5604815272745896,endemic_spiral,-0.009363393666086368,0.03752046508545325
0.52,1.0804347826086957,4.842481398972297,endemic_spiral,-0.009846992744526443,0.03840105743239067
0.52,1.2521739130434784,5.124481270670005,endemic_spiral,-0.010324100270773538,0.03926073957033784
0.52,1.423913043478261,5.406481142367713,endemic_spiral,-0.010795902177086661,0.04009937629128915
0.52,1.5956521739130436,5.68848101406542,endemic_spiral,-0.011263248241757982,0.04091719210298524
0.52,1.7673913043478262,5.970480885763128,endemic_spiral,-0.011726762201578304,0.041714624625854894
0.52,1.9391304347826088,6.252480757460836,endemic_spiral,-0.012186911601191244,0.04249223353525702
0.52,2.110869565217391,6.534480629158542,endemic_spiral,-0.012644053063431112,0.04325064344189606
0.52,2.282608695652174,6.81648050085625,endemic_spiral,-0.013098463209557803,0.0439905076611434
0.52,2.4543478260869565,7.098480372553958,endemic_spiral,-0.01355035949011691,0.04471248539655812
0.52,2.626086956521739,7.380480244251665,endemic_spiral,-0.013999914774431297,0.04541722732132713
0.52,2.7978260869565217,7.662480115949373,endemic_spiral,-0.014447268560603754,0.04610536681435845
0.52,2.9695652173913043,7.944479987647082,endemic_spiral,-0.014892533852455106,0.04677751470972374
0.52,3.141304347826087,8.226479859344789,endemic_spiral,-0.015335803434568158,0.04743425647067326
0.52,3.3130434782608695,8.508479731042497,endemic_spiral,-0.015777154147624685,0.048076150960109455
0.52,3.484782608695652,8.790479602740204,endemic_spiral,-0.016216649771035204,0.048703730105591245
0.52,3.6565217391304348,9.07247947443791,endemic_spiral,-0.016654343784892917,0.04931749934391523
0.52,3.8282608695652174,9.35447934613562,endemic_spiral,-0.01709028121788772,0.04991793839523051
0.52,4.0,9.636479217833326,endemic_spiral,-0.017524500371027818,0.050505502313655
0.54,0.05,3.2490036429487947,endemic_spiral,-0.006929224616742688,0.033580620435813315
0.54,0.2217391304347826,3.5310035146465024,endemic_spiral,-0.007499196913882301,0.03448575635666878
0.54,0.3934782608695652,3.81300338634421,endemic_spiral,-0.008037701893721695,0.035397285414298464
0.54,0.5652173913043479,4.095003258041918,endemic_spiral,-0.008555321547945567,0.03630329329817916
0.54,0.7369565217391305,4.3770031297396255,endemic_spiral,-0.00905827281563875,0.0371970353723264
0.54,0.9086956521739131,4.659003001437333,endemic_spiral,-0.009550423633902547,0.03807471756786322
0.54,1.0804347826086957,4.941002873135041,endemic_spiral,-0.010034295184145312,0.03893428337876703
0.54,1.2521739130434784,5.223002744832748,endemic_spiral,-0.01051159529415751,0.03977472397941335
0.54,1.423913043478261,5.505002616530456,endemic_spiral,-0.010983518685481978,0.04059567233124014
0.54,1.5956521739130436,5.787002488228163,endemic_spiral,-0.011450924235937899,0.04139715743993521
0.54,1.7673913043478262,6.069002359925872,endemic_spiral,-0.011914444234516887,0.04217945198536758
0.54,1.9391304347826088,6.351002231623578,endemic_spiral,-0.012374553487809128,0.04294297616812988
0.54,2.110869565217391,6.633002103321286,endemic_spiral,-0.012831614951672354,0.043688236094673906
0.54,2.282608695652174,6.915001975018994,endemic_spiral,-0.01328591056669615,0.04441578395432618
0.54,2.4543478260869565,7.197001846716701,endemic_spiral,-0.013737662151210868,0.045126192190746824
0.54,2.626086956521739,7.479001718414408,endemic_spiral,-0.014187046531793045,0.04582003665846042
0.54,2.7978260869565217,7.761001590112117,endemic_spiral,-0.014634206211316336,0.04649788588990345
0.54,2.9695652173913043,8.043001461809824,endemic_spiral,-0.015079257018016082,0.04716029425453611
0.54,3.141304347826087,8.325001333507531,endemic_spiral,-0.015522294013461977,0.047807797789611785
0.54,3.3130434782608695,8.60700120520524,endemic_spiral,-0.015963395830411318,0.048440911899767035
0.54,3.484782608695652,8.889001076902947,endemic_spiral,-0.01640262802878978,0.04906013019195079
0.54,3.6565217391304348,9.171000948600653,endemic_spiral,-0.016840045498925465,0.04966592411014111
0.54,3.8282608695652174,9.453000820298362,endemic_spiral,-0.017275694559365593,0.05025874313672831
0.54,4.0,9.73500069199607,endemic_spiral,-0.017709614510127647,0.05083901533441244
0.56,0.05,3.3475251171115388,endemic_spiral,-0.007114215690946919,0.034261094167095996
0.56,0.2217391304347826,3.6295249888092465,endemic_spiral,-0.007684251246034163,0.03513412791826621
0.56,0.3934782608695652,3.911524860506954,endemic_spiral,-0.008223184291602634,0.03601632893799615
0.56,0.5652173913043479,4.193524732204661,endemic_spiral,-0.008741295950531731,0.03689568619232765
0.56,0.7369565217391305,4.47552460390237,endemic_spiral,-0.009244695103927796,0.037765205500459594
0.56,0.9086956521739131,4.757524475600077,endemic_spiral,-0.009737215147551631,0.03862081347390122
0.56,1.0804347826086957,5.039524347297784,endemic_spiral,-0.010221371236040458,0.03946018940988144
0.56,1.2521739130434784,5.321524218995492,endemic_spiral,-0.010698876047655174,0.040282089670336405
0.56,1.423913043478261,5.6035240906932,endemic_spiral,-0.011170932587812703,0.04108594387022594
0.56,1.5956521739130436,5.8855239623909075,endemic_spiral,-0.011638408671321564,0.04187160679985694
0.56,1.7673913043478262,6.167523834088615,endemic_spiral,-0.012101944855774028,0.042639202474571765
0.56,1.9391304347826088,6.449523705786323,endemic_spiral,-0.01256202324991068,0.043389024117281134
0.56,2.110869565217391,6.73152357748403,endemic_spiral,-0.013019013152425856,0.0441214691229656
0.56,2.282608695652174,7.013523449181737,endemic_spiral,-0.013473201860629131,0.04483699631789655
0.56,2.4543478260869565,7.295523320879445,endemic_spiral,-0.013924815791510756,0.04553609755366991
0.56,2.626086956521739,7.577523192577152,endemic_spiral,-0.014374035461921113,0.04621927886497535
0.56,2.7978260869565217,7.85952306427486,endemic_spiral,-0.014821006718095945,0.046887048017002435
0.56,2.9695652173913043,8.141522935972569,endemic_spiral,-0.015265848164473057,0.047539906247605984
0.56,3.141304347826087,8.423522807670276,endemic_spiral,-0.01570865701663801,0.04817834294423875
0.56,3.3130434782608695,8.705522679367984,endemic_spiral,-0.01614951415885891,0.04880283241869984
0.56,3.484782608695652,8.987522551065691,endemic_spiral,-0.01658848666804489,0.04941383184437326
0.56,3.6565217391304348,9.269522422763398,endemic_spiral,-0.0170256309874425,0.05001178034137625
0.56,3.8282608695652174,9.551522294461106,endemic_spiral,-0.017460994665560604,0.05059709855754567
0.56,4.0,9.833522166158813,endemic_spiral,-0.017894618117706956,0.051170188763354225
0.5800000000000001,0.05,3.446046591274282,endemic_spiral,-0.007298955139869377,0.034926232287779385
0.5800000000000001,0.2217391304347826,3.7280464629719896,endemic_spiral,-0.00786905555716441,0.035769375538861954
0.5800000000000001,0.3934782608695652,4.010046334669697,endemic_spiral,-0.008408414727999473,0.03662400589949089
0.5800000000000001,0.5652173913043479,4.292046206367405,endemic_spiral,-0.00892702079299948,0.03747812273454823
0.5800000000000001,0.7369565217391305,4.574046078065113,endemic_spiral,-0.00943087443788765,0.03832456518803243
0.5800000000000001,0.9086956521739131,4.85604594976282,endemic_spiral,-0.009923772890169266,0.03915904207456648
0.5800000000000001,1.0804347826086957,5.138045821460528,endemic_spiral,-0.01040822407087277,0.0399790139058822
0.5800000000000001,1.2521739130434784,5.420045693158235,endemic_spiral,-0.010885944457464807,0.040783035852168796
0.5800000000000001,1.423913043478261,5.702045564855943,endemic_spiral,-0.011358144875903066,0.041570359384722776
0.5800000000000001,1.5956521739130436,5.98404543655365,endemic_spiral,-0.011825701715310437,0.0423406842446079
0.5800000000000001,1.7673913043478262,6.266045308251359,endemic_spiral,-0.012289263645681479,0.043094000438511686
0.5800000000000001,1.9391304347826088,6.5480451799490655,endemic_spiral,-0.012749320050728034,0.04383048562847404
0.5800000000000001,2.110869565217391,6.830045051646773,endemic_spiral,-0.013206246579059484,0.04455043750983915
0.5800000000000001,2.282608695652174,7.112044923344481,endemic_spiral,-0.013660335836751993,0.045254228644924455
0.5800000000000001,2.4543478260869565,7.394044795042189,endemic_spiral,-0.014111818782126287,0.045942276035120175
0.5800000000000001,2.626086956521739,7.676044666739895,endemic_spiral,-0.014560879965939445,0.04661502057623457
0.5800000000000001,2.7978260869565217,7.958044538437604,endemic_spiral,-0.01500766837655072,0.04727291305742558
0.5800000000000001,2.9695652173913043,8.240044410135312,endemic_spiral,-0.015452305378790334,0.04791640472953117
0.5800000000000001,3.141304347826087,8.522044281833018,endemic_spiral,-0.015894890815320126,0.04854594095850594
0.5800000000000001,3.3130434782608695,8.804044153530727,endemic_spiral,-0.016335507264486154,0.04916195709238406
0.5800000000000001,3.484782608695652,9.086044025228436,endemic_spiral,-0.01677422381455456,0.04976487578190808
0.5800000000000001,3.6565217391304348,9.368043896926142,endemic_spiral,-0.017211098359162298,0.050355105362151195
0.5800000000000001,3.8282608695652174,9.65004376862385,endemic_spiral,-0.017646179738634603,0.050933038978857224
0.5800000000000001,4.0,9.932043640321556,endemic_spiral,-0.01807950946574456,0.05149905424603965
0.6,0.05,3.5445680654370246,endemic_spiral,-0.007483457829610976,0.035576956254703036
0.6,0.2217391304347826,3.8265679371347323,endemic_spiral,-0.00805362279157006,0.03639218932962581
0.6,0.3934782608695652,4.10856780883244,endemic_spiral,-0.008593403925156257,0.037220846385900265
0.6,0.5652173913043479,4.390567680530148,endemic_spiral,-0.009112504575839977,0.038051019475482166
0.6,0.7369565217391305,4.672567552227855,endemic_spiral,-0.00961681719287702,0.038875448336187036
0.6,0.9086956521739131,4.954567423925563,endemic_spiral,-0.010110101513036185,0.03968967570705023
0.6,1.0804347826086957,5.236567295623271,endemic_spiral,-0.010594856787504832,0.04049098236511238
0.6,1.2521739130434784,5.5185671673209775,endemic_spiral,-0.011072802512131953,0.04127775173974102
0.6,1.423913043478261,5.800567039018686,endemic_spiral,-0.011545156611962754,0.042049079536516216
0.6,1.5956521739130436,6.082566910716393,endemic_spiral,-0.01201280374963231,0.0428045275775803
0.6,1.7673913043478262,6.3645667824141015,endemic_spiral,-0.012476400446790888,0.04354396516541258
0.6,1.9391304347826088,6.646566654111808,endemic_spiral,-0.012936443329458534,0.04426746481974126
0.6,2.110869565217391,6.928566525809516,endemic_spiral,-0.013393314304195285,0.04497523276961634
0.6,2.282608695652174,7.210566397507224,endemic_spiral,-0.01384731127340434,0.04566756190664306
0.6,2.4543478260869565,7.492566269204931,endemic_spiral,-0.014298669842202015,0.046344799739208714
0.6,2.626086956521739,7.774566140902638,endemic_spiral,-0.014747578516302165,0.04700732633607286
0.6,2.7978260869565217,8.056566012600346,endemic_spiral,-0.015194189510636339,0.0476555390665332
0.6,2.9695652173913043,8.338565884298054,endemic_spiral,-0.015638627119852394,0.048289842169661555
0.6,3.141304347826087,8.620565755995761,endemic_spiral,-0.016080993573002182,0.04891063943232862
0.6,3.3130434782608695,8.90256562769347,endemic_spiral,-0.016521373505553747,0.04951832931551347
0.6,3.484782608695652,9.184565499391177,endemic_spiral,-0.016959837882174943,0.050113301690936606
0.6,3.6565217391304348,9.466565371088883,endemic_spiral,-0.017396445956654412,0.050695935573515885
0.6,3.8282608695652174,9.748565242786592,endemic_spiral,-0.017831248102367893,0.0512665979000135
0.6,4.0,10.0305651144843,endemic_spiral,-0.018264286889599544,0.05182564270605755
